,Internet,Minute,Hour,Weekday,Location,Audiocable,LABEL
0,False,55,2,4,False,True,8
1,True,46,8,2,True,False,16
2,True,50,3,4,False,False,8
3,True,43,14,5,True,False,16
4,False,36,17,4,True,True,4
5,True,41,13,7,True,True,1
6,False,39,13,7,True,True,1
7,False,26,21,5,False,False,4
8,True,3,9,3,False,True,16
9,True,17,19,7,True,False,2
10,True,29,13,1,True,True,16
11,True,45,2,4,False,False,8
12,True,15,18,6,True,True,2
13,False,30,12,7,True,True,1
14,True,26,16,6,True,True,1
15,False,45,21,5,False,False,4
16,True,45,3,4,False,True,8
17,True,13,22,2,False,True,4
18,True,15,8,5,False,False,16
19,True,28,15,1,False,False,16
20,True,12,12,3,False,True,16
21,True,33,16,3,False,False,16
22,True,23,9,3,True,False,16
23,True,35,23,5,False,True,2
24,True,1,18,5,True,True,2
25,True,15,18,3,True,False,18
26,True,49,23,7,True,True,1
27,True,18,21,6,True,True,1
28,True,16,19,1,False,True,2
29,True,40,18,2,True,True,2
30,True,57,23,4,False,False,2
31,True,58,23,1,False,True,2
32,True,43,14,7,False,True,1
33,True,48,19,6,False,True,1
34,True,6,16,4,False,True,4
35,True,32,17,2,False,True,16
36,False,16,16,7,True,True,1
37,True,27,20,6,True,False,2
38,True,36,15,6,False,True,1
39,True,54,21,7,False,False,2
40,True,23,12,3,False,False,4
41,False,56,2,3,False,True,8
42,True,47,3,4,False,False,8
43,False,22,9,2,True,False,4
44,True,23,10,5,True,False,16
45,True,43,20,4,True,True,2
46,False,6,21,7,True,True,1
47,False,58,2,3,False,False,8
48,False,25,18,1,True,True,4
49,True,51,3,3,False,False,8
50,False,29,16,6,False,True,1
51,True,32,22,5,False,False,4
52,True,40,15,7,False,True,1
53,True,45,3,4,False,False,8
54,True,44,19,4,True,False,16
55,False,17,9,7,False,True,1
56,True,53,2,4,False,False,8
57,False,35,16,1,False,False,4
58,True,31,20,3,False,True,16
59,True,55,3,3,True,True,8
60,True,47,8,2,False,False,4
61,True,11,18,7,False,True,2
62,True,31,18,7,False,True,1
63,False,59,15,7,True,True,1
64,True,13,11,4,True,False,16
65,True,39,14,2,False,False,16
66,True,31,14,2,True,False,4
67,True,36,22,4,False,True,16
68,True,7,21,3,True,False,2
69,True,47,21,6,True,True,1
70,False,57,2,3,False,False,8
71,True,46,21,5,True,False,16
72,False,50,2,3,True,True,8
73,True,3,21,6,False,False,2
74,False,9,21,2,False,False,4
75,False,32,23,6,False,True,1
76,True,26,20,5,False,True,4
77,True,5,11,4,False,False,16
78,False,53,3,3,True,True,8
79,True,46,8,5,False,False,16
80,False,18,17,6,False,True,1
81,True,57,2,4,False,False,8
82,True,30,20,6,True,False,2
83,True,20,9,6,True,True,1
84,False,14,22,1,False,True,4
85,False,49,2,3,False,True,8
86,True,44,20,4,True,True,2
87,True,23,10,2,False,False,16
88,True,18,12,1,False,False,16
89,False,48,2,3,False,False,8
90,False,35,19,3,False,False,4
91,True,40,14,1,True,False,16
92,True,8,16,5,False,True,16
93,False,58,2,4,False,False,8
94,True,8,15,5,True,True,16
95,False,14,9,2,False,False,4
96,True,1,9,4,False,False,16
97,False,58,2,4,False,True,8
98,True,43,19,7,True,True,2
99,True,38,8,5,False,False,16
100,True,50,2,3,True,True,8
101,False,51,3,4,True,True,8
102,True,30,19,7,True,True,2
103,True,34,16,2,True,False,16
104,True,8,18,2,False,False,16
105,False,56,19,6,True,True,1
106,True,13,22,2,True,False,2
107,False,54,2,4,True,True,8
108,False,11,9,6,True,True,1
109,True,55,18,4,True,False,2
110,False,13,19,4,False,False,4
111,True,7,19,1,True,True,2
112,False,57,18,2,False,False,4
113,True,50,3,3,False,False,8
114,False,18,9,6,True,True,1
115,True,57,2,3,False,False,8
116,True,58,3,4,False,False,8
117,False,37,20,7,False,True,1
118,True,55,3,3,False,False,8
119,False,59,3,4,False,True,8
120,False,52,2,3,False,False,8
121,True,27,23,1,False,True,2
122,False,14,13,6,True,True,1
123,True,38,22,3,True,True,2
124,False,30,9,2,False,True,4
125,True,46,21,5,True,True,2
126,True,28,20,5,True,False,2
127,True,23,14,1,False,False,16
128,True,24,21,7,False,False,2
129,False,25,18,2,False,True,4
130,True,41,8,7,False,True,1
131,True,30,23,5,True,False,16
132,True,25,20,7,False,False,1
133,True,8,10,1,True,True,16
134,False,18,8,7,False,True,1
135,True,36,22,2,True,False,2
136,False,49,3,4,True,False,8
137,True,33,18,4,True,True,16
138,True,21,15,7,True,True,1
139,False,30,12,7,True,True,1
140,True,3,20,6,False,False,2
141,False,58,2,4,False,True,8
142,False,19,22,6,True,True,1
143,False,27,23,5,False,True,4
144,True,6,9,3,True,False,16
145,False,14,17,7,False,True,1
146,True,59,14,1,False,False,4
147,True,15,21,7,False,True,1
148,True,17,21,7,True,True,2
149,True,10,23,2,False,False,4
150,True,1,20,1,False,False,2
151,True,18,12,3,True,True,4
152,True,10,23,2,True,True,16
153,False,57,3,3,False,False,8
154,False,14,8,3,True,False,4
155,False,17,11,7,True,True,1
156,True,47,3,4,False,True,8
157,False,48,3,4,False,True,8
158,False,25,16,1,False,True,4
159,True,34,16,7,False,True,1
160,True,47,20,5,False,False,4
161,True,46,3,4,False,True,8
162,True,45,3,4,False,True,8
163,False,46,3,4,True,True,8
164,True,19,10,2,True,False,16
165,True,21,13,1,True,False,16
166,True,10,23,7,True,False,1
167,False,3,10,7,True,True,1
168,True,42,9,7,False,True,1
169,False,23,14,6,False,True,1
170,True,19,23,7,False,True,1
171,True,57,18,1,True,True,4
172,True,6,20,1,True,True,2
173,True,54,23,6,True,True,2
174,True,41,21,6,False,True,2
175,True,44,21,1,False,False,16
176,True,51,12,4,True,False,16
177,True,35,10,3,True,True,16
178,True,30,9,5,False,True,16
179,False,7,21,3,True,False,4
180,True,43,21,4,False,False,2
181,True,24,21,3,False,False,4
182,True,19,21,1,True,False,16
183,False,10,23,7,True,True,1
184,True,32,14,5,False,False,4
185,True,45,2,4,False,False,8
186,True,19,18,7,False,False,2
187,True,12,23,5,False,False,16
188,False,40,23,6,False,True,1
189,False,20,9,7,True,True,1
190,True,31,20,4,True,True,2
191,True,27,20,2,False,False,16
192,False,10,18,6,True,True,1
193,True,3,8,1,True,False,16
194,True,17,11,7,True,True,1
195,True,31,20,4,True,True,2
196,True,47,10,3,False,False,16
197,False,55,2,3,False,True,8
198,False,57,3,4,True,True,8
199,False,36,13,1,False,True,4
200,True,51,2,3,False,False,8
201,True,6,18,6,True,True,3
202,False,24,10,2,False,False,4
203,True,6,22,1,False,False,16
204,False,51,3,3,True,False,8
205,True,55,12,1,False,False,16
206,True,55,11,5,True,False,16
207,True,24,21,4,False,True,2
208,True,31,22,5,True,False,2
209,False,50,13,2,False,True,4
210,True,37,18,3,True,True,2
211,False,49,2,3,False,True,8
212,False,45,3,3,False,True,8
213,True,48,15,7,False,False,1
214,False,22,17,2,False,True,4
215,False,33,22,7,True,True,1
216,True,43,14,7,True,False,1
217,False,22,10,5,False,True,4
218,True,30,16,4,False,False,16
219,False,24,11,6,True,True,1
220,False,21,10,1,False,True,4
221,False,48,2,4,False,True,8
222,True,56,20,7,True,True,2
223,True,26,22,4,True,True,2
224,False,47,3,4,False,True,8
225,False,16,17,7,True,True,1
226,False,1,23,1,False,False,4
227,True,59,23,4,False,False,16
228,False,38,23,6,True,True,1
229,True,48,15,7,False,True,1
230,False,50,2,4,False,True,8
231,True,20,11,5,False,True,4
232,True,49,20,6,True,True,2
233,False,55,3,3,False,False,8
234,False,5,21,7,False,True,1
235,True,32,8,4,True,False,16
236,True,51,17,2,True,False,4
237,True,46,12,6,True,True,1
238,False,38,12,6,False,True,1
239,True,48,2,4,False,True,8
240,False,3,18,6,True,True,1
241,False,55,3,4,True,False,8
242,True,26,19,7,True,True,1
243,False,7,17,2,False,True,4
244,True,49,8,4,True,False,16
245,False,47,2,3,False,True,8
246,True,30,15,2,False,True,4
247,True,57,3,3,True,True,8
248,True,10,9,5,True,False,16
249,False,46,3,4,False,True,8
250,False,52,2,3,False,False,8
251,False,27,17,7,False,True,1
252,True,14,10,3,False,False,16
253,True,26,23,1,True,True,2
254,False,6,19,7,True,True,1
255,True,50,2,3,False,True,8
256,True,52,18,3,True,False,4
257,True,47,23,3,False,True,4
258,True,7,12,6,True,True,1
259,False,54,13,7,False,True,1
260,True,29,22,2,True,True,2
261,False,29,11,4,False,True,4
262,False,4,20,6,False,True,1
263,True,17,14,2,False,False,16
264,True,55,3,3,False,True,8
265,False,54,21,6,True,True,1
266,True,13,13,3,False,False,4
267,False,3,12,2,False,False,4
268,True,17,8,4,True,True,4
269,True,27,23,6,True,True,1
270,False,27,9,7,True,True,1
271,True,19,23,4,True,True,2
272,False,20,15,7,False,False,1
273,False,59,3,4,False,True,8
274,True,58,19,2,True,False,16
275,False,57,2,3,True,True,8
276,True,40,16,5,True,False,16
277,True,35,20,3,True,True,2
278,True,45,21,3,True,False,16
279,True,11,10,1,True,False,16
280,True,39,8,4,False,False,16
281,True,6,16,2,False,False,16
282,True,7,19,3,False,False,2
283,True,54,20,7,True,True,2
284,False,26,11,4,False,False,4
285,True,59,23,1,True,True,2
286,True,46,2,4,False,True,8
287,True,38,11,6,False,True,1
288,True,11,12,3,False,False,16
289,True,55,22,1,False,False,4
290,True,49,2,3,False,True,8
291,True,39,16,1,False,False,16
292,True,23,9,1,False,False,4
293,True,5,15,4,False,False,16
294,False,54,2,4,True,True,8
295,False,50,17,3,True,True,4
296,True,2,22,3,True,False,2
297,True,27,9,5,False,True,4
298,True,40,19,2,False,True,16
299,False,47,2,3,False,True,8
300,True,16,16,6,True,True,1
301,True,45,17,4,True,False,4
302,False,48,2,3,False,False,8
303,False,43,18,3,False,True,4
304,True,52,2,3,False,False,8
305,False,4,9,2,False,True,4
306,True,51,17,4,False,False,16
307,True,25,13,3,False,False,4
308,True,44,23,1,False,False,16
309,True,50,2,3,False,False,8
310,True,56,20,7,True,True,2
311,True,16,20,4,False,False,16
312,True,2,18,5,False,False,2
313,False,46,17,2,False,True,4
314,True,53,16,2,False,True,4
315,True,6,20,7,False,False,2
316,True,8,19,1,False,True,2
317,True,57,9,7,False,True,1
318,True,44,15,2,True,False,16
319,True,15,22,6,True,True,1
320,False,32,22,7,True,True,1
321,True,34,10,4,False,False,16
322,False,19,14,1,False,True,4
323,True,31,18,3,True,True,2
324,False,3,17,1,False,True,4
325,True,28,10,7,False,True,1
326,False,23,22,7,False,True,1
327,True,56,2,3,False,False,8
328,True,20,12,2,False,True,16
329,True,44,23,6,True,True,2
330,True,10,18,1,False,True,16
331,True,45,3,4,True,False,8
332,True,1,20,3,True,True,4
333,False,22,20,2,False,True,4
334,False,57,3,4,False,False,8
335,True,47,3,4,True,False,8
336,True,31,14,4,False,False,16
337,False,48,3,4,False,True,8
338,False,18,15,7,False,True,1
339,True,56,3,3,False,False,8
340,True,49,18,2,True,False,16
341,False,30,14,7,False,True,1
342,True,45,3,3,False,False,8
343,True,5,21,6,True,True,2
344,False,26,20,7,True,True,1
345,False,57,14,7,False,True,1
346,True,57,23,6,False,True,2
347,True,55,21,3,False,False,4
348,True,31,19,4,True,True,2
349,False,50,2,4,True,False,8
350,True,3,10,2,False,False,16
351,False,44,11,1,False,True,4
352,False,22,16,4,False,False,4
353,False,54,2,4,False,False,8
354,True,30,18,1,True,False,16
355,True,59,2,3,False,False,8
356,True,23,18,3,False,True,16
357,True,57,3,3,False,True,8
358,True,21,20,1,False,True,2
359,True,45,3,4,False,False,8
360,False,39,21,5,False,False,4
361,False,59,19,6,True,True,1
362,True,16,23,1,True,True,2
363,False,51,3,3,False,False,8
364,True,50,22,6,True,True,2
365,True,34,10,3,False,True,16
366,True,44,10,3,True,False,16
367,True,21,22,3,False,True,2
368,True,49,2,4,False,True,8
369,True,12,15,7,True,True,1
370,True,50,2,3,False,False,8
371,False,53,16,2,False,False,4
372,True,50,21,4,False,False,2
373,True,46,18,6,True,False,2
374,False,21,19,7,False,True,1
375,True,43,11,1,False,True,4
376,True,34,13,2,False,False,4
377,True,12,9,4,True,False,16
378,True,24,9,2,False,False,16
379,True,58,13,1,True,True,16
380,True,15,18,3,True,True,2
381,True,47,2,4,False,True,8
382,True,37,13,7,True,True,1
383,True,31,9,1,False,False,16
384,True,7,20,1,True,True,16
385,True,55,2,4,False,True,8
386,True,18,15,3,True,False,16
387,True,36,11,7,False,True,1
388,True,42,13,4,True,False,4
389,True,40,17,2,True,True,16
390,True,52,14,6,False,True,1
391,True,49,20,2,True,False,18
392,True,46,15,3,False,False,16
393,True,2,22,6,True,True,2
394,True,36,12,3,False,False,16
395,True,1,18,6,False,True,1
396,True,56,11,6,False,True,1
397,True,2,15,4,False,True,4
398,True,33,19,2,True,True,2
399,False,4,15,6,False,True,1
400,True,14,22,6,True,False,2
401,True,41,19,3,True,True,2
402,True,12,18,5,True,True,2
403,True,56,3,3,False,False,8
404,True,52,22,3,True,True,2
405,True,31,19,6,True,True,2
406,True,5,12,5,False,False,16
407,False,53,3,4,False,False,8
408,True,28,8,2,False,False,4
409,True,27,22,5,False,False,16
410,True,14,16,5,False,False,16
411,False,55,3,4,True,False,8
412,False,42,14,5,False,False,4
413,True,46,8,3,False,False,4
414,True,2,18,4,True,True,2
415,True,4,23,6,True,True,1
416,False,20,12,2,True,True,4
417,False,56,2,4,True,True,8
418,True,14,12,2,False,False,4
419,True,31,21,6,False,True,1
420,True,50,2,3,False,True,8
421,True,15,22,6,True,True,1
422,True,8,12,4,False,False,16
423,False,57,22,5,False,False,4
424,False,53,2,3,False,True,8
425,True,28,20,7,False,True,1
426,True,53,18,1,False,False,16
427,False,38,8,7,False,True,1
428,False,56,3,3,False,False,8
429,True,45,3,4,False,False,8
430,True,30,10,3,False,False,4
431,True,58,21,4,False,False,4
432,True,28,18,4,False,True,2
433,True,54,2,4,False,True,8
434,True,58,2,4,True,True,8
435,True,43,22,1,False,True,2
436,True,32,23,4,True,True,2
437,False,11,19,6,True,True,1
438,True,17,18,7,False,True,1
439,True,37,10,7,True,True,1
440,True,21,9,6,False,True,1
441,False,34,8,5,False,False,4
442,True,43,11,7,False,True,1
443,True,31,19,5,False,False,4
444,True,21,13,3,True,True,16
445,True,3,18,1,True,True,2
446,True,24,12,7,True,True,1
447,False,34,19,7,False,True,1
448,False,59,11,3,False,False,4
449,False,59,2,4,False,True,8
450,True,22,8,2,True,False,16
451,True,36,8,6,True,False,1
452,True,22,11,3,False,False,16
453,True,6,19,3,True,False,16
454,True,6,21,5,True,True,4
455,True,18,23,7,False,True,1
456,True,34,20,7,True,False,2
457,True,13,14,5,False,False,20
458,True,6,21,6,False,True,1
459,False,41,9,7,False,False,1
460,True,45,18,4,True,True,2
461,True,12,21,4,True,True,2
462,True,8,16,2,False,False,4
463,False,28,19,7,True,False,1
464,False,33,22,5,False,False,4
465,False,49,3,3,False,True,8
466,True,24,18,1,False,True,4
467,True,16,14,6,False,True,1
468,True,25,23,4,True,True,16
469,True,3,15,3,False,False,16
470,True,16,23,6,True,True,1
471,True,48,2,3,False,True,8
472,False,51,3,4,True,True,8
473,True,52,18,7,False,True,2
474,True,44,14,3,True,False,16
475,True,44,21,6,False,True,1
476,True,32,18,6,False,True,2
477,True,49,19,7,True,False,1
478,True,56,3,4,True,False,8
479,True,12,12,3,False,False,16
480,True,37,22,2,True,False,16
481,False,9,14,6,False,True,1
482,True,13,22,3,True,True,2
483,True,23,21,4,True,False,16
484,True,55,23,3,False,True,16
485,True,25,22,1,False,False,16
486,True,39,23,5,False,True,16
487,True,5,10,4,False,False,16
488,True,10,19,2,False,True,2
489,True,46,18,5,False,True,2
490,True,11,21,1,True,False,16
491,False,7,20,7,False,True,1
492,True,32,21,6,False,True,1
493,True,49,9,4,True,False,16
494,True,45,2,4,True,True,8
495,False,50,22,5,False,True,4
496,True,18,12,2,False,False,16
497,False,26,14,7,False,True,1
498,True,21,23,7,True,True,2
499,False,32,23,7,True,True,1
500,True,9,9,5,False,False,16
501,False,59,16,1,False,True,4
502,True,17,14,5,False,True,4
503,False,2,8,7,True,True,1
504,True,31,13,3,False,True,16
505,True,51,19,1,False,False,16
506,True,39,9,3,True,False,16
507,False,50,2,3,False,False,8
508,True,7,22,3,False,True,2
509,True,49,20,6,False,False,2
510,False,30,17,1,False,False,4
511,False,49,2,4,True,True,8
512,True,45,3,3,False,False,8
513,False,40,8,6,False,True,1
514,True,31,17,7,False,False,1
515,False,38,16,7,False,True,1
516,False,55,18,3,False,True,4
517,True,58,2,3,True,True,8
518,False,8,23,7,False,True,1
519,True,37,23,5,False,False,2
520,True,55,22,4,True,True,2
521,True,40,15,1,False,True,4
522,False,9,17,7,True,True,1
523,True,20,22,7,True,True,1
524,True,54,19,2,False,False,16
525,False,57,3,4,False,False,8
526,True,1,21,2,False,True,4
527,False,21,10,6,True,True,1
528,False,13,15,1,False,True,4
529,True,49,21,3,True,False,2
530,False,55,16,3,False,True,4
531,True,47,3,4,False,False,8
532,True,16,12,2,False,True,16
533,False,38,14,1,True,True,4
534,False,30,9,2,False,True,4
535,True,59,9,4,False,False,16
536,True,11,13,2,True,False,4
537,True,28,9,3,False,False,16
538,True,36,8,1,False,True,4
539,True,7,21,3,False,True,2
540,True,9,18,2,True,False,2
541,True,31,9,1,False,True,4
542,True,36,22,2,False,True,2
543,True,2,19,3,True,True,2
544,True,19,20,6,False,False,1
545,True,13,17,2,False,False,16
546,True,3,22,5,False,False,2
547,True,55,21,3,False,True,16
548,True,47,20,3,True,True,2
549,True,43,16,3,True,True,16
550,False,11,12,1,False,True,4
551,True,22,10,2,False,False,16
552,False,8,8,6,True,False,1
553,True,49,2,3,False,False,8
554,True,9,16,4,False,False,16
555,True,16,16,7,True,True,1
556,False,57,2,4,False,True,8
557,True,45,15,6,False,True,1
558,True,19,13,3,False,False,4
559,False,56,2,4,False,True,8
560,True,56,20,6,False,True,1
561,True,39,18,5,True,False,2
562,True,5,20,2,False,True,4
563,True,12,23,3,True,True,2
564,True,11,13,1,True,False,16
565,True,36,20,7,False,True,1
566,True,39,11,1,True,False,16
567,True,41,22,3,True,False,2
568,False,49,2,3,False,False,8
569,False,49,22,3,True,True,4
570,True,50,9,3,False,False,16
571,True,8,11,7,True,True,1
572,True,6,20,7,False,False,2
573,True,45,23,2,False,False,16
574,False,14,10,3,False,True,4
575,True,50,21,1,False,False,4
576,True,34,18,2,False,False,4
577,False,33,20,3,True,False,4
578,True,58,18,3,True,True,2
579,False,48,2,3,False,False,8
580,True,41,10,7,False,True,1
581,False,9,11,2,False,False,4
582,True,27,18,6,True,False,2
583,True,5,9,5,False,True,16
584,True,53,20,3,False,False,16
585,True,28,18,6,True,True,2
586,False,52,13,7,True,False,1
587,False,44,23,6,False,True,1
588,True,15,16,1,False,False,4
589,True,47,22,4,True,False,2
590,False,51,17,6,True,False,1
591,False,46,3,4,False,True,8
592,False,57,11,6,False,True,1
593,False,59,3,3,False,False,8
594,True,48,18,2,False,False,16
595,False,51,20,1,False,False,4
596,True,37,20,2,False,False,16
597,True,34,11,7,False,True,1
598,False,48,2,4,False,False,8
599,True,57,8,4,False,False,16
600,False,44,13,2,False,False,4
601,True,56,3,4,False,False,8
602,True,56,17,3,False,True,4
603,True,39,10,1,True,False,16
604,True,12,22,3,True,True,2
605,True,56,20,6,True,True,1
606,True,44,17,7,False,True,1
607,False,50,3,3,False,True,8
608,True,18,11,6,False,True,1
609,False,6,13,5,False,False,4
610,False,9,11,6,False,True,1
611,True,1,13,3,False,False,16
612,False,43,23,6,False,True,1
613,False,36,22,3,False,False,4
614,True,45,2,4,True,True,8
615,False,45,2,4,False,False,8
616,False,6,14,7,False,True,1
617,True,22,11,7,False,True,1
618,False,45,2,3,False,False,8
619,True,44,18,2,False,True,2
620,True,50,2,4,False,True,8
621,True,45,3,3,False,False,8
622,True,58,2,4,False,True,8
623,False,50,22,4,False,True,4
624,False,55,9,2,False,True,4
625,False,50,2,4,False,False,8
626,True,47,16,7,True,True,1
627,True,31,21,2,True,True,2
628,False,20,17,4,False,False,4
629,True,38,15,3,False,True,4
630,True,18,22,6,True,False,2
631,False,20,17,6,True,True,1
632,True,31,21,1,False,True,2
633,True,8,15,3,False,True,4
634,True,21,21,3,True,True,2
635,False,46,3,3,False,True,8
636,False,59,2,4,False,False,8
637,True,45,2,3,False,False,8
638,True,48,18,1,False,False,4
639,True,38,19,4,True,False,2
640,True,6,10,4,True,True,4
641,False,14,14,7,False,False,1
642,True,10,20,4,False,True,4
643,True,8,9,6,False,True,1
644,True,31,21,3,True,False,16
645,False,14,18,3,False,False,4
646,True,57,2,3,True,False,8
647,False,50,3,3,True,True,8
648,True,2,20,2,True,True,2
649,True,13,23,6,True,True,1
650,False,53,2,4,False,False,8
651,True,44,16,1,False,False,16
652,True,16,19,3,True,False,16
653,False,52,3,4,False,True,8
654,False,18,23,7,True,True,1
655,True,11,14,2,True,False,16
656,True,8,19,7,True,True,2
657,True,11,21,4,True,True,2
658,True,53,8,3,True,False,4
659,True,45,18,3,True,True,2
660,True,19,8,6,False,True,1
661,True,54,16,5,True,False,16
662,True,57,20,7,True,True,2
663,True,50,3,4,False,True,8
664,True,9,21,6,False,True,1
665,True,47,10,5,False,False,16
666,False,44,21,7,False,True,1
667,True,53,19,1,True,True,2
668,False,50,2,3,False,True,8
669,True,24,21,1,False,True,2
670,True,38,17,3,False,True,4
671,True,20,22,2,False,False,16
672,True,10,19,6,True,True,2
673,True,16,18,4,True,True,2
674,True,6,22,2,True,True,2
675,True,28,22,6,True,True,1
676,False,47,3,3,False,False,8
677,True,33,23,1,True,True,2
678,False,58,13,6,False,True,1
679,True,16,23,2,True,True,2
680,True,10,14,2,False,False,4
681,False,53,3,4,True,True,8
682,True,1,11,1,False,False,16
683,True,44,19,7,True,True,2
684,False,50,2,4,True,False,8
685,True,5,23,6,True,True,2
686,True,21,23,6,True,True,2
687,True,46,23,1,True,True,2
688,False,38,13,1,True,False,4
689,True,55,11,1,False,False,16
690,True,47,2,3,True,True,8
691,True,58,20,6,False,True,2
692,True,48,2,4,False,False,8
693,True,49,3,3,False,False,8
694,True,14,9,2,False,False,16
695,True,18,20,5,False,True,2
696,True,44,23,2,True,False,16
697,True,21,10,5,True,False,16
698,False,49,3,3,True,True,8
699,True,2,12,6,True,True,1
700,True,32,11,3,True,False,16
701,False,57,3,4,False,False,8
702,True,52,3,4,False,False,8
703,False,58,2,4,False,False,8
704,False,48,2,4,False,True,8
705,False,54,12,7,True,True,1
706,True,12,22,6,False,True,2
707,False,45,2,3,False,False,8
708,True,4,23,6,True,True,1
709,False,58,2,4,False,True,8
710,True,46,3,3,False,False,8
711,True,32,19,2,False,True,16
712,False,32,22,2,False,False,4
713,False,39,10,3,True,True,4
714,True,30,23,7,True,True,1
715,True,36,10,4,False,False,16
716,False,14,10,2,False,False,4
717,True,42,21,1,True,True,2
718,True,40,22,1,True,True,2
719,True,54,3,3,False,False,8
720,True,4,14,1,True,False,16
721,False,53,2,3,False,False,8
722,True,16,16,6,False,True,1
723,True,12,19,5,True,False,2
724,True,6,8,1,False,False,16
725,True,45,23,3,True,False,2
726,False,36,23,2,False,True,4
727,False,16,20,7,False,False,1
728,True,27,20,2,True,False,2
729,True,21,21,4,False,False,4
730,True,30,14,1,False,False,16
731,True,45,2,4,False,True,8
732,False,10,21,2,False,True,4
733,True,23,23,1,True,True,2
734,True,19,17,3,False,False,4
735,True,21,22,3,True,True,2
736,True,20,23,1,False,False,16
737,True,20,23,4,False,True,2
738,True,42,18,5,True,False,16
739,False,24,23,7,True,True,1
740,False,38,20,6,True,True,1
741,True,11,19,6,False,False,2
742,True,6,19,5,False,True,2
743,True,49,15,7,False,True,1
744,True,6,13,1,False,False,16
745,False,1,23,7,True,True,1
746,True,41,19,5,False,False,16
747,False,9,15,7,True,True,1
748,True,10,14,7,False,False,1
749,False,59,2,4,False,True,8
750,False,47,2,4,False,False,8
751,True,22,20,5,True,False,16
752,True,41,18,5,True,False,2
753,True,17,11,5,False,False,16
754,True,17,20,1,True,False,4
755,True,25,11,6,True,True,1
756,True,11,10,3,False,False,16
757,False,45,19,5,False,True,4
758,False,17,9,5,False,True,4
759,True,14,23,3,False,False,4
760,True,14,20,2,False,False,4
761,True,24,23,6,True,True,1
762,True,17,22,4,False,True,4
763,True,46,2,4,False,True,8
764,True,16,20,6,True,False,2
765,False,24,8,3,False,True,4
766,True,58,20,4,False,False,2
767,True,45,16,1,True,False,4
768,False,36,15,4,False,False,4
769,False,3,15,2,False,True,4
770,False,41,21,7,True,True,1
771,True,47,20,3,True,True,2
772,False,45,3,4,True,True,8
773,False,55,17,1,False,True,4
774,True,16,19,7,False,True,1
775,True,7,14,7,True,True,1
776,False,46,2,4,False,False,8
777,True,18,11,3,False,True,4
778,True,2,21,1,True,True,16
779,True,54,2,4,False,True,8
780,True,35,16,5,False,True,4
781,True,51,21,3,True,False,16
782,False,24,9,6,True,True,1
783,True,3,15,3,False,False,16
784,False,42,19,1,True,True,4
785,True,36,8,1,False,False,16
786,True,23,17,3,False,False,16
787,True,14,8,6,True,True,1
788,True,35,23,2,False,False,2
789,True,41,8,4,False,False,16
790,True,10,21,4,False,False,20
791,True,59,2,4,False,False,8
792,True,48,2,3,False,False,8
793,True,36,8,2,False,False,4
794,False,3,12,7,True,True,1
795,True,54,3,3,False,False,8
796,True,31,21,2,False,False,4
797,True,27,23,2,True,True,2
798,True,26,19,2,True,True,2
799,False,48,22,7,True,True,1
800,False,9,11,4,False,False,4
801,False,33,19,6,True,True,1
802,True,45,3,4,False,True,8
803,True,53,3,3,True,False,8
804,True,49,3,3,False,True,8
805,True,9,19,7,False,True,2
806,False,7,13,6,True,True,1
807,True,45,22,3,True,False,2
808,False,3,11,7,False,True,1
809,False,18,9,4,False,False,4
810,True,54,13,3,False,False,16
811,True,4,8,3,False,True,4
812,False,45,3,4,False,True,8
813,True,39,8,4,False,False,16
814,True,3,18,4,False,False,16
815,False,17,23,1,False,False,4
816,True,7,21,2,True,False,16
817,True,11,18,5,False,True,2
818,False,54,19,3,False,True,4
819,False,5,19,1,False,False,4
820,False,53,16,4,True,False,4
821,True,53,15,4,False,False,4
822,False,9,11,7,False,True,1
823,True,56,21,1,True,True,2
824,True,38,16,7,False,True,1
825,True,28,22,1,False,False,2
826,True,43,16,5,False,False,16
827,False,49,3,3,False,True,8
828,True,19,16,2,False,True,4
829,False,18,19,1,False,True,4
830,True,7,21,2,True,True,2
831,True,48,3,3,False,False,8
832,False,49,13,1,False,True,4
833,True,29,8,2,True,False,16
834,False,52,2,4,True,False,8
835,False,10,21,6,True,True,1
836,True,19,12,4,False,False,16
837,True,46,3,3,False,True,8
838,False,55,17,3,True,False,4
839,True,51,20,3,True,False,2
840,False,52,15,7,False,True,1
841,True,49,3,3,False,False,8
842,True,27,21,3,True,False,16
843,True,23,18,1,True,True,16
844,True,42,19,4,True,True,4
845,False,30,20,1,False,False,4
846,False,32,20,7,False,False,1
847,True,20,12,2,True,False,16
848,True,53,3,3,False,False,8
849,True,48,14,5,False,True,16
850,True,42,11,7,False,False,1
851,True,54,2,3,True,True,8
852,False,32,9,6,True,True,1
853,True,3,18,3,False,True,2
854,True,45,2,3,False,False,8
855,True,56,3,4,False,False,8
856,False,46,3,3,False,True,8
857,True,16,15,2,True,False,16
858,False,59,3,3,True,False,8
859,True,20,20,7,True,True,1
860,False,28,12,5,True,True,4
861,False,46,2,3,False,False,8
862,False,58,3,4,False,True,8
863,True,50,18,2,True,False,2
864,True,17,21,4,True,False,2
865,True,1,9,6,False,True,1
866,True,40,21,1,True,True,2
867,True,19,10,4,False,True,16
868,False,57,21,2,False,True,4
869,False,32,13,4,False,True,4
870,True,51,12,7,True,True,1
871,True,59,20,4,True,True,2
872,True,28,19,3,False,True,2
873,True,48,22,2,False,True,2
874,True,33,14,5,False,False,16
875,False,45,3,4,True,True,8
876,True,35,9,5,False,True,4
877,True,53,21,3,True,False,16
878,True,43,19,5,True,True,2
879,False,53,2,3,False,False,8
880,False,23,20,1,False,True,4
881,False,7,14,6,True,True,1
882,True,23,17,2,True,False,16
883,True,3,20,2,True,False,2
884,False,17,14,3,False,False,4
885,True,59,13,6,True,True,1
886,True,57,3,4,False,True,8
887,False,47,2,4,False,False,8
888,True,58,18,5,False,True,4
889,False,45,2,4,False,True,8
890,True,41,15,6,True,False,1
891,True,57,22,2,False,True,2
892,True,19,15,3,False,False,4
893,True,30,14,5,False,False,4
894,True,57,17,2,False,True,4
895,True,27,19,7,True,True,2
896,True,40,22,7,True,True,2
897,True,57,2,4,True,False,8
898,True,20,19,4,False,True,2
899,False,57,3,3,False,False,8
900,True,11,10,1,False,True,4
901,True,34,22,1,True,True,16
902,True,14,19,1,False,True,16
903,False,7,10,7,False,False,1
904,True,17,22,3,True,True,2
905,True,20,20,2,False,True,2
906,True,30,14,6,False,True,1
907,True,2,14,7,False,True,1
908,False,53,12,5,False,True,4
909,False,48,2,4,True,False,8
910,True,3,9,5,False,False,16
911,False,41,10,5,False,False,4
912,False,51,2,4,False,True,8
913,True,52,3,4,False,False,8
914,True,28,21,2,True,True,2
915,True,59,22,4,True,True,2
916,True,35,19,1,False,False,16
917,False,15,17,6,False,True,1
918,False,15,17,7,True,True,1
919,True,1,23,7,True,True,1
920,True,54,22,1,True,True,2
921,False,23,15,7,True,True,1
922,False,54,3,3,False,True,8
923,True,18,19,1,False,False,2
924,True,10,18,2,True,True,2
925,False,42,15,7,True,True,1
926,False,27,20,6,False,False,1
927,False,49,12,1,False,False,4
928,True,13,17,7,False,True,1
929,True,35,19,4,True,False,2
930,True,53,2,4,False,False,8
931,True,41,21,1,False,False,6
932,True,56,14,1,True,False,16
933,True,23,23,5,True,True,2
934,True,58,22,5,False,False,16
935,True,20,20,1,False,False,16
936,False,5,11,7,False,True,1
937,True,11,19,7,False,True,3
938,True,2,22,7,False,False,2
939,False,20,10,5,False,False,4
940,False,58,2,4,False,True,8
941,True,36,21,5,False,False,16
942,True,57,15,1,False,False,16
943,True,52,2,3,False,False,8
944,False,56,2,3,False,False,8
945,True,50,21,4,True,False,2
946,False,47,3,3,False,True,8
947,False,57,2,3,False,True,8
948,True,33,19,6,True,True,2
949,False,14,11,6,False,True,1
950,True,21,20,2,False,True,2
951,True,43,12,4,False,True,16
952,False,56,3,3,False,True,8
953,True,56,17,2,False,False,16
954,False,29,9,3,False,False,4
955,True,59,19,2,True,True,2
956,True,43,18,1,False,False,4
957,True,30,22,3,False,True,16
958,False,59,21,3,False,True,4
959,False,24,12,7,True,True,1
960,True,6,19,1,False,True,4
961,True,51,3,4,False,True,8
962,False,23,19,3,False,True,4
963,True,4,14,4,True,True,4
964,True,55,18,7,True,False,2
965,False,59,14,6,False,True,1
966,False,26,13,7,True,True,1
967,True,44,22,5,False,True,2
968,True,49,21,4,False,False,16
969,False,53,2,3,False,False,8
970,True,36,11,6,True,True,1
971,False,2,13,7,True,True,1
972,False,14,9,2,False,True,4
973,True,45,21,1,True,False,2
974,True,1,8,7,False,True,1
975,False,48,2,4,False,True,8
976,False,3,23,2,False,True,4
977,True,39,15,2,True,False,16
978,True,6,23,5,True,False,16
979,True,39,14,7,False,True,1
980,True,48,2,3,False,True,8
981,True,56,23,7,True,True,1
982,False,44,19,1,False,False,4
983,False,25,10,6,True,True,1
984,False,33,20,7,False,True,1
985,True,32,10,5,False,True,16
986,True,20,22,3,False,False,16
987,True,37,23,1,True,False,16
988,True,11,22,5,False,True,16
989,True,56,14,5,False,True,4
990,False,57,3,4,False,False,8
991,True,16,11,1,False,True,16
992,True,14,11,5,True,False,16
993,False,30,11,6,False,True,1
994,True,59,20,4,False,False,16
995,True,7,10,7,True,True,1
996,True,40,22,4,True,True,2
997,False,45,12,4,False,True,4
998,True,14,16,5,False,True,16
999,False,21,8,3,False,True,4
1000,False,37,20,7,True,True,1
1001,True,55,20,7,False,True,1
1002,False,49,12,3,False,False,4
1003,True,11,21,5,False,True,2
1004,False,56,20,6,False,True,1
1005,False,50,3,3,False,True,8
1006,False,52,3,4,True,False,8
1007,True,23,19,6,True,True,1
1008,False,27,18,4,False,True,4
1009,False,58,2,3,False,False,8
1010,True,3,11,2,False,False,16
1011,True,12,16,6,True,True,1
1012,True,51,22,3,True,True,16
1013,True,57,3,3,False,True,8
1014,True,40,12,2,False,False,4
1015,False,40,22,6,True,False,1
1016,True,14,19,3,True,True,2
1017,True,26,21,2,True,True,2
1018,False,51,2,3,False,False,8
1019,True,38,22,5,True,False,2
1020,True,34,21,4,True,False,2
1021,True,10,20,4,True,True,2
1022,False,33,15,4,False,True,4
1023,True,6,17,4,False,False,16
1024,True,45,22,6,True,True,2
1025,True,49,17,7,False,True,1
1026,True,46,22,2,False,True,16
1027,True,8,8,4,False,True,4
1028,True,52,3,4,False,True,8
1029,False,56,3,3,False,True,8
1030,False,34,23,5,False,False,4
1031,True,22,11,6,False,True,1
1032,True,42,22,3,True,True,2
1033,True,46,14,2,False,False,4
1034,True,50,15,5,True,False,16
1035,True,3,23,5,False,False,16
1036,True,53,2,3,False,False,8
1037,True,13,23,7,True,True,2
1038,True,24,11,4,False,True,4
1039,True,17,18,3,True,True,2
1040,True,9,15,3,False,False,16
1041,True,14,13,7,False,False,1
1042,False,48,2,4,False,True,8
1043,True,3,19,6,True,True,1
1044,True,40,10,7,False,True,1
1045,True,15,16,3,False,False,16
1046,True,34,11,3,True,False,16
1047,True,58,3,3,False,True,8
1048,True,25,11,4,False,True,16
1049,False,58,3,4,False,True,8
1050,False,49,8,3,False,False,4
1051,False,21,11,6,True,True,1
1052,True,15,13,4,True,False,4
1053,True,3,18,1,True,False,2
1054,True,33,18,7,False,True,2
1055,True,47,21,5,False,False,4
1056,True,45,20,4,True,False,16
1057,True,46,13,6,False,True,1
1058,True,5,18,5,False,True,4
1059,True,56,2,3,False,False,8
1060,False,46,2,3,False,True,8
1061,True,7,19,2,False,True,4
1062,True,16,15,5,True,False,16
1063,False,48,3,3,False,False,8
1064,True,57,2,3,False,True,8
1065,False,27,15,7,False,True,1
1066,True,36,10,7,False,False,1
1067,False,52,2,3,True,False,8
1068,True,53,20,5,True,False,2
1069,True,29,16,4,False,False,16
1070,False,34,18,3,True,False,4
1071,False,45,9,6,True,False,1
1072,False,57,17,3,True,False,4
1073,True,57,2,4,False,True,8
1074,True,22,22,1,True,False,2
1075,False,4,15,7,True,True,1
1076,True,49,9,7,True,True,1
1077,False,48,2,4,False,False,8
1078,True,23,22,1,True,False,2
1079,True,57,3,4,True,False,8
1080,True,45,8,5,False,True,4
1081,True,54,3,4,True,False,8
1082,True,57,10,2,True,False,16
1083,True,47,2,4,False,False,8
1084,True,49,2,4,True,False,8
1085,False,49,3,3,False,True,8
1086,False,4,23,6,True,True,1
1087,False,55,3,4,False,True,8
1088,False,54,16,3,True,False,4
1089,True,35,14,1,False,True,4
1090,True,22,13,4,False,False,4
1091,True,54,2,3,False,True,8
1092,True,23,14,2,True,True,4
1093,True,15,18,7,False,True,2
1094,True,57,3,4,False,True,8
1095,True,46,22,2,True,True,2
1096,True,16,17,5,False,False,4
1097,False,53,3,4,False,True,8
1098,False,49,3,3,True,True,8
1099,True,31,19,1,False,False,16
1100,True,50,16,2,False,False,16
1101,False,15,8,1,False,True,4
1102,True,48,22,5,False,True,2
1103,True,5,23,2,False,True,2
1104,False,48,19,7,False,True,1
1105,True,51,16,6,False,True,1
1106,False,34,14,1,False,True,4
1107,False,16,23,6,False,False,1
1108,True,56,23,6,False,True,1
1109,True,37,8,5,False,True,16
1110,True,59,3,3,False,True,8
1111,True,13,12,7,False,True,1
1112,True,26,9,3,False,False,4
1113,False,53,13,1,False,True,4
1114,True,58,3,4,True,True,8
1115,False,58,3,3,False,False,8
1116,True,39,8,3,True,False,16
1117,True,52,22,3,True,True,2
1118,True,21,21,6,True,True,1
1119,True,10,10,1,True,False,16
1120,True,56,2,4,False,True,8
1121,False,8,20,7,False,True,1
1122,True,17,22,2,False,False,16
1123,True,55,2,3,True,False,8
1124,True,11,21,7,True,False,1
1125,False,46,2,3,True,True,8
1126,True,46,2,3,False,False,8
1127,False,35,14,7,False,True,1
1128,False,15,19,6,True,True,1
1129,False,48,3,4,False,True,8
1130,False,10,18,4,False,True,4
1131,False,55,3,3,False,False,8
1132,True,57,3,4,False,True,8
1133,False,28,20,1,False,True,4
1134,True,32,19,7,True,True,1
1135,True,59,2,4,False,False,8
1136,True,1,8,5,True,False,16
1137,True,31,10,2,False,True,4
1138,True,32,14,2,False,False,4
1139,True,30,12,5,False,True,4
1140,False,26,19,6,True,False,1
1141,True,50,3,3,True,True,8
1142,True,57,2,3,False,True,8
1143,True,16,18,7,False,True,1
1144,True,19,22,7,True,True,1
1145,True,40,19,7,True,True,1
1146,True,40,15,2,True,True,4
1147,True,18,8,3,True,False,16
1148,False,54,2,4,False,True,8
1149,True,9,22,2,False,False,4
1150,True,52,14,2,True,False,16
1151,True,33,23,5,True,True,16
1152,True,58,3,3,True,False,8
1153,True,15,12,4,False,True,4
1154,True,46,3,3,False,False,8
1155,True,31,22,4,False,True,2
1156,False,52,3,3,False,True,8
1157,False,51,2,3,True,True,8
1158,True,55,3,3,True,False,8
1159,False,44,22,3,False,True,4
1160,True,23,22,4,True,True,2
1161,True,56,22,6,False,True,1
1162,True,45,10,5,False,False,16
1163,True,55,21,1,True,False,2
1164,True,20,21,1,False,False,16
1165,False,30,10,4,True,True,4
1166,True,9,16,6,False,True,1
1167,True,57,2,4,False,False,8
1168,False,42,11,5,True,False,4
1169,True,28,22,4,True,False,2
1170,True,10,19,2,True,True,2
1171,True,39,13,1,False,False,16
1172,True,53,19,6,False,True,2
1173,True,16,21,1,True,True,2
1174,True,57,8,3,False,False,4
1175,False,8,21,1,False,True,4
1176,False,37,16,7,True,True,1
1177,True,15,15,3,False,False,16
1178,True,5,15,5,False,False,16
1179,False,46,2,4,True,True,8
1180,False,30,14,4,False,False,4
1181,False,50,13,7,False,True,1
1182,True,49,10,5,True,False,4
1183,False,8,8,6,True,True,1
1184,True,9,14,4,False,True,16
1185,True,54,10,5,False,True,16
1186,False,52,14,7,False,True,1
1187,False,50,3,4,False,False,8
1188,False,23,21,6,True,True,1
1189,True,55,22,7,True,False,2
1190,False,54,2,4,False,False,8
1191,True,12,22,7,False,True,1
1192,True,45,23,3,True,True,2
1193,True,59,20,2,True,True,2
1194,True,55,3,3,False,False,8
1195,False,14,23,6,True,True,1
1196,False,56,3,3,False,True,8
1197,True,54,2,3,False,True,8
1198,True,3,12,1,True,False,4
1199,True,19,9,5,True,True,16
1200,True,52,2,4,True,True,8
1201,False,49,3,3,False,True,8
1202,True,7,13,2,True,False,16
1203,False,23,11,1,False,True,4
1204,True,57,2,3,False,True,8
1205,True,23,9,2,False,False,4
1206,True,58,15,5,False,False,4
1207,False,15,9,1,False,False,4
1208,True,29,11,1,True,False,16
1209,True,16,8,3,False,False,16
1210,False,29,22,5,False,False,4
1211,True,14,21,1,True,False,2
1212,True,51,2,3,False,True,8
1213,True,36,9,3,False,False,16
1214,True,54,18,1,True,True,4
1215,True,7,10,3,False,False,16
1216,False,16,15,7,True,True,1
1217,True,49,3,4,False,True,8
1218,True,50,2,4,False,False,8
1219,False,32,18,4,False,True,4
1220,True,44,21,6,True,True,1
1221,True,57,19,7,False,True,2
1222,True,28,9,7,True,True,1
1223,False,15,14,7,False,True,1
1224,False,50,2,4,True,True,8
1225,False,54,21,6,True,True,1
1226,True,15,18,4,True,True,2
1227,True,27,9,4,False,False,16
1228,True,20,17,3,False,False,16
1229,True,58,2,4,False,True,8
1230,True,31,11,4,True,False,16
1231,True,33,22,5,False,False,4
1232,False,30,17,5,False,False,4
1233,True,24,9,5,False,False,16
1234,False,30,8,5,False,False,4
1235,True,57,12,4,False,False,16
1236,True,40,17,5,True,False,16
1237,False,53,16,6,True,False,1
1238,True,27,17,4,True,True,16
1239,False,53,11,7,True,True,1
1240,False,20,19,7,True,True,1
1241,True,25,23,5,False,False,16
1242,True,35,21,1,True,True,2
1243,False,14,13,6,True,True,1
1244,True,16,13,3,False,False,16
1245,True,34,11,5,False,False,16
1246,True,37,19,5,True,True,2
1247,True,5,14,4,True,False,16
1248,True,58,10,6,True,True,1
1249,True,45,22,7,True,True,1
1250,True,17,18,4,True,True,16
1251,False,41,13,5,False,False,4
1252,True,47,14,1,False,False,4
1253,False,54,3,3,False,True,8
1254,True,25,18,5,True,False,2
1255,True,49,9,1,False,True,4
1256,True,54,18,1,False,False,16
1257,True,49,23,6,True,False,2
1258,True,50,2,3,False,True,8
1259,False,10,17,2,False,True,4
1260,False,11,13,7,True,True,1
1261,True,24,14,5,False,False,16
1262,True,2,18,2,True,False,16
1263,False,25,13,7,False,True,1
1264,True,33,16,5,False,True,16
1265,True,55,2,4,False,False,8
1266,True,24,8,2,True,True,4
1267,True,8,16,1,False,False,16
1268,True,46,2,3,False,False,8
1269,False,37,16,1,False,True,4
1270,False,2,12,5,False,True,4
1271,True,56,16,3,True,False,16
1272,True,32,14,6,False,True,1
1273,True,48,23,3,False,False,20
1274,True,7,18,1,True,True,2
1275,True,2,22,4,False,True,2
1276,True,55,18,5,False,True,2
1277,True,45,10,1,False,True,4
1278,True,37,21,1,True,False,2
1279,True,36,14,4,True,False,16
1280,True,50,22,5,False,True,4
1281,True,9,16,4,True,True,4
1282,True,53,15,2,True,False,16
1283,True,53,2,4,False,True,8
1284,False,2,10,2,True,False,4
1285,True,39,11,3,False,False,4
1286,False,17,16,7,False,True,1
1287,True,47,11,2,False,False,4
1288,True,28,18,1,True,True,2
1289,True,29,17,4,True,True,4
1290,True,49,3,4,False,False,8
1291,False,50,2,3,False,True,8
1292,True,58,2,3,True,True,8
1293,True,47,18,5,False,False,2
1294,True,21,21,2,True,True,2
1295,True,17,11,1,False,False,4
1296,False,46,19,2,False,False,4
1297,True,5,10,2,False,False,16
1298,True,34,21,2,False,False,2
1299,True,6,23,7,False,True,2
1300,True,30,9,1,False,False,16
1301,True,50,18,7,False,True,2
1302,True,43,15,6,False,True,1
1303,False,14,13,5,True,False,4
1304,True,50,23,5,True,True,2
1305,False,57,3,3,False,False,8
1306,True,37,19,3,False,True,2
1307,True,21,20,2,True,True,2
1308,True,21,10,2,False,False,16
1309,True,46,21,3,True,True,2
1310,True,42,16,7,False,True,1
1311,True,6,20,7,False,False,2
1312,True,56,22,3,False,False,16
1313,True,18,8,5,False,False,4
1314,True,39,18,7,True,True,2
1315,True,38,21,5,True,True,2
1316,True,52,3,4,False,True,8
1317,True,56,3,3,False,False,8
1318,True,2,22,4,False,True,2
1319,True,11,21,1,True,True,2
1320,False,49,3,3,False,True,8
1321,False,2,17,3,False,True,4
1322,True,7,22,2,True,True,2
1323,False,21,13,7,False,True,1
1324,True,42,22,1,False,True,4
1325,True,21,12,6,True,True,1
1326,False,39,16,1,True,False,4
1327,False,28,21,1,False,False,4
1328,False,2,21,5,False,False,4
1329,False,52,2,4,True,True,8
1330,True,43,19,4,False,False,16
1331,True,37,22,6,False,False,2
1332,True,46,16,4,False,False,16
1333,False,55,2,3,True,False,8
1334,True,41,13,4,False,False,16
1335,True,45,20,4,False,False,2
1336,True,32,23,2,True,True,2
1337,True,44,22,6,True,True,2
1338,True,36,23,1,True,False,2
1339,True,15,18,1,False,False,4
1340,True,44,15,6,False,True,1
1341,False,30,16,5,False,False,4
1342,True,1,13,3,True,False,16
1343,False,56,12,7,True,True,1
1344,False,58,3,3,False,True,8
1345,True,8,22,3,True,False,16
1346,True,55,22,1,True,True,2
1347,True,8,20,4,False,False,16
1348,True,18,19,3,False,False,4
1349,True,13,9,3,True,False,16
1350,False,33,11,6,False,True,1
1351,True,48,3,3,False,False,8
1352,True,49,22,4,True,True,2
1353,True,48,2,3,True,False,8
1354,True,54,20,7,True,True,2
1355,True,2,22,4,True,True,2
1356,False,56,3,3,False,False,8
1357,True,56,2,3,True,False,8
1358,True,24,13,2,True,False,16
1359,True,39,20,5,False,False,16
1360,True,3,13,7,True,True,1
1361,True,11,23,2,True,True,2
1362,False,9,14,7,False,True,1
1363,True,12,23,6,True,True,2
1364,False,5,21,4,False,False,4
1365,True,20,20,2,True,True,2
1366,True,44,18,5,True,False,16
1367,True,4,21,5,False,True,4
1368,False,55,2,3,False,True,8
1369,False,26,12,1,False,False,4
1370,False,53,2,4,False,False,8
1371,True,51,23,7,True,True,1
1372,True,12,15,6,False,True,1
1373,False,3,11,1,True,False,4
1374,True,3,22,4,True,True,2
1375,True,25,21,5,True,False,2
1376,True,16,23,6,True,True,1
1377,True,48,2,4,False,True,8
1378,True,50,19,6,False,False,2
1379,True,33,22,1,True,True,2
1380,False,55,2,4,False,True,8
1381,False,55,14,1,False,False,4
1382,True,4,16,2,False,False,16
1383,True,54,21,7,True,True,2
1384,True,52,2,3,False,True,8
1385,True,13,21,3,True,True,2
1386,True,22,11,3,False,False,16
1387,True,31,19,7,True,True,2
1388,True,47,18,2,True,True,2
1389,True,26,8,3,False,True,16
1390,False,28,22,7,False,True,1
1391,True,52,21,3,True,False,4
1392,True,30,18,4,False,False,16
1393,True,17,20,6,True,True,1
1394,True,13,18,4,False,True,16
1395,True,35,18,7,False,True,2
1396,True,23,23,4,True,False,2
1397,True,35,19,2,True,False,2
1398,True,41,23,2,True,True,2
1399,True,49,23,2,True,False,16
1400,True,28,12,6,True,True,1
1401,True,10,18,2,True,False,2
1402,True,26,12,2,True,False,16
1403,True,39,18,4,True,False,2
1404,True,35,22,6,True,True,2
1405,True,41,9,4,False,False,16
1406,True,6,21,4,True,True,16
1407,False,52,3,3,False,True,8
1408,True,49,9,5,False,False,16
1409,True,44,16,5,False,False,16
1410,False,11,23,4,False,True,4
1411,False,59,2,4,False,True,8
1412,True,7,9,2,False,False,16
1413,True,58,14,7,True,True,1
1414,True,55,22,1,True,True,2
1415,False,38,10,3,True,True,4
1416,False,33,14,4,False,False,4
1417,True,56,19,5,False,False,16
1418,True,50,21,7,False,False,2
1419,False,51,3,3,False,False,8
1420,True,50,2,3,False,False,8
1421,True,52,14,4,True,True,16
1422,True,18,14,4,True,False,4
1423,True,59,21,3,True,True,2
1424,True,26,10,5,False,False,16
1425,False,10,11,6,False,True,1
1426,True,32,22,4,False,True,2
1427,False,10,10,2,False,True,4
1428,True,55,2,4,False,False,8
1429,False,24,22,6,True,True,1
1430,True,59,23,2,True,False,2
1431,True,35,14,5,False,True,4
1432,False,27,14,3,False,False,4
1433,True,54,22,6,True,True,1
1434,True,55,2,3,False,True,8
1435,False,58,2,3,False,True,8
1436,True,51,23,2,True,True,16
1437,False,54,2,3,False,False,8
1438,False,20,17,6,True,True,1
1439,True,58,18,3,False,True,4
1440,False,55,13,7,True,True,1
1441,True,31,21,6,True,True,2
1442,True,19,23,6,False,False,1
1443,True,50,2,4,False,True,8
1444,True,44,12,4,False,True,4
1445,False,45,2,3,False,True,8
1446,False,6,19,6,False,True,1
1447,True,59,3,3,False,True,8
1448,False,25,18,3,False,False,4
1449,False,56,16,6,False,True,1
1450,True,53,20,7,True,True,1
1451,True,35,14,4,False,True,4
1452,False,53,13,7,False,True,1
1453,False,31,13,6,False,True,1
1454,True,50,2,4,True,True,8
1455,True,54,19,2,True,True,4
1456,True,4,22,2,True,False,2
1457,True,55,22,7,True,True,2
1458,True,58,16,3,True,True,4
1459,False,58,2,4,False,True,8
1460,True,47,21,2,False,True,2
1461,False,31,13,3,True,True,4
1462,True,45,12,1,True,False,16
1463,True,19,16,2,False,False,4
1464,True,56,19,6,True,True,2
1465,False,7,13,3,True,True,4
1466,True,21,22,1,False,False,4
1467,True,52,3,3,False,False,8
1468,True,46,18,4,False,False,2
1469,True,58,2,4,False,True,8
1470,True,34,13,5,True,False,16
1471,False,6,10,6,True,True,1
1472,True,48,2,4,False,False,8
1473,True,12,15,4,True,False,16
1474,False,45,20,7,False,True,1
1475,False,13,19,7,False,True,1
1476,True,54,23,6,False,True,2
1477,True,38,23,6,True,False,1
1478,True,45,22,1,True,False,2
1479,True,46,11,4,True,True,4
1480,True,37,18,4,False,True,18
1481,True,4,15,6,False,True,1
1482,True,34,14,2,False,True,16
1483,False,16,16,5,False,True,4
1484,True,34,20,2,False,False,4
1485,False,52,3,4,True,True,8
1486,True,36,21,7,True,True,1
1487,False,59,3,4,False,True,8
1488,False,34,22,2,False,False,4
1489,True,24,18,5,False,True,2
1490,True,31,9,2,False,False,16
1491,False,46,11,2,False,True,4
1492,True,26,13,7,True,True,1
1493,True,41,19,1,False,False,4
1494,True,48,20,3,True,False,2
1495,True,20,19,1,True,True,2
1496,False,48,23,5,False,True,4
1497,True,55,20,2,True,True,2
1498,True,5,9,4,False,False,4
1499,True,32,15,1,True,True,16
1500,False,44,11,6,False,False,1
1501,True,15,19,3,False,False,16
1502,True,8,22,1,True,True,2
1503,True,15,21,4,False,True,4
1504,True,57,2,3,False,False,8
1505,False,43,8,6,False,True,1
1506,True,37,9,4,True,False,16
1507,False,9,21,3,True,True,4
1508,True,3,21,2,True,True,2
1509,True,10,12,2,True,True,4
1510,False,1,20,1,False,True,4
1511,True,58,18,2,False,False,2
1512,True,54,22,1,False,True,2
1513,True,14,13,1,True,False,16
1514,True,17,12,1,True,True,4
1515,True,1,16,3,True,True,4
1516,False,56,2,4,False,False,8
1517,False,55,2,3,False,False,8
1518,True,46,19,7,False,True,1
1519,False,58,3,4,False,True,8
1520,True,39,18,7,True,True,3
1521,True,7,19,6,False,True,1
1522,True,21,23,5,True,True,2
1523,True,2,18,3,False,True,2
1524,True,26,15,4,False,True,4
1525,True,54,11,2,False,False,16
1526,True,56,20,5,True,False,2
1527,True,42,12,1,True,False,16
1528,False,13,13,3,False,True,4
1529,True,53,9,1,False,True,4
1530,True,29,19,4,False,True,2
1531,True,47,14,4,True,False,16
1532,True,56,9,7,True,True,1
1533,True,2,20,7,False,True,1
1534,True,50,2,3,False,False,8
1535,True,53,20,6,False,False,2
1536,True,38,8,5,False,True,4
1537,True,50,2,4,False,True,8
1538,False,45,3,3,True,True,8
1539,True,47,18,6,False,False,1
1540,True,11,22,7,True,False,2
1541,True,57,2,4,False,False,8
1542,True,59,3,3,True,True,8
1543,True,45,18,6,False,True,1
1544,True,5,20,6,False,True,1
1545,True,55,21,2,False,False,4
1546,True,12,22,4,True,True,2
1547,False,53,2,4,False,True,8
1548,True,21,11,7,False,True,1
1549,True,9,13,6,False,True,1
1550,True,23,23,3,False,False,16
1551,False,49,12,2,False,False,4
1552,True,48,21,3,False,True,16
1553,True,11,22,3,True,False,16
1554,True,19,22,7,False,True,1
1555,True,30,13,3,False,False,16
1556,False,58,2,3,True,False,8
1557,True,28,18,4,False,False,16
1558,True,59,8,3,True,False,16
1559,True,35,21,3,False,True,2
1560,False,8,14,5,False,False,4
1561,True,43,23,7,True,True,2
1562,False,49,2,3,False,False,8
1563,True,53,3,3,False,False,8
1564,True,29,14,4,False,False,4
1565,True,50,3,3,True,False,8
1566,True,43,14,2,False,True,16
1567,True,31,23,5,True,False,2
1568,True,58,15,2,False,False,16
1569,True,5,8,2,False,False,16
1570,True,56,12,3,False,False,16
1571,True,14,14,2,False,False,4
1572,True,52,10,6,False,True,1
1573,True,13,11,3,False,False,16
1574,True,21,18,3,True,False,2
1575,True,36,19,2,False,True,4
1576,True,40,14,5,False,False,4
1577,True,34,23,3,True,True,2
1578,True,22,23,1,False,True,4
1579,False,29,13,7,False,True,1
1580,False,50,3,4,True,True,8
1581,True,34,23,2,True,False,2
1582,False,35,10,5,False,True,4
1583,True,50,12,6,True,True,1
1584,False,57,15,3,False,False,4
1585,True,41,12,4,False,False,16
1586,False,15,17,7,True,True,1
1587,True,46,18,5,True,True,2
1588,True,46,20,3,True,True,2
1589,False,36,17,6,True,True,1
1590,True,27,11,3,False,False,16
1591,False,33,9,4,False,False,4
1592,True,50,3,3,True,True,8
1593,True,34,18,5,True,False,2
1594,False,5,19,6,True,False,1
1595,False,51,21,7,True,True,1
1596,True,45,19,6,True,True,1
1597,False,20,19,1,False,True,4
1598,False,13,22,7,False,True,1
1599,True,52,14,6,False,True,1
1600,False,19,12,4,False,False,4
1601,True,32,19,1,False,True,4
1602,True,51,3,4,False,True,8
1603,True,41,19,6,False,True,1
1604,True,1,19,1,True,True,2
1605,True,37,16,6,True,False,1
1606,False,16,13,3,True,False,4
1607,True,40,20,6,True,True,1
1608,True,58,9,3,False,True,16
1609,False,14,21,6,False,True,1
1610,True,4,18,2,True,False,16
1611,True,47,3,3,False,False,8
1612,True,19,11,1,False,True,16
1613,True,17,9,4,False,True,4
1614,False,55,2,3,False,True,8
1615,True,25,22,4,True,False,2
1616,True,52,20,6,False,True,1
1617,True,50,11,5,True,False,16
1618,False,18,21,6,True,True,1
1619,False,48,2,4,False,True,8
1620,True,14,21,6,False,True,2
1621,False,50,2,3,False,True,8
1622,True,39,19,2,False,True,2
1623,True,49,2,3,False,False,8
1624,True,58,22,6,True,True,1
1625,True,50,11,3,False,False,4
1626,False,53,20,6,True,True,1
1627,True,59,2,3,False,False,8
1628,True,24,19,3,False,False,16
1629,True,38,19,1,False,True,2
1630,False,42,18,7,True,False,1
1631,True,57,3,4,False,False,8
1632,True,48,2,4,False,False,8
1633,True,52,2,4,False,True,8
1634,True,1,10,3,False,False,16
1635,False,2,23,7,False,False,1
1636,True,35,18,1,True,True,2
1637,True,43,20,2,False,False,4
1638,True,5,9,2,True,False,16
1639,True,53,22,3,False,True,2
1640,True,30,18,7,True,True,2
1641,False,2,15,7,True,True,1
1642,True,59,18,7,True,True,1
1643,True,5,22,5,True,True,2
1644,False,5,20,4,False,False,4
1645,False,28,9,7,False,True,1
1646,True,5,20,4,False,False,4
1647,True,8,9,6,False,True,1
1648,True,48,20,4,True,False,16
1649,True,51,2,4,False,False,8
1650,True,52,2,4,False,False,8
1651,False,47,10,1,False,True,4
1652,True,30,21,5,True,True,2
1653,False,18,22,5,False,False,4
1654,False,59,23,6,False,True,1
1655,True,17,18,7,False,True,1
1656,True,47,2,4,False,True,8
1657,True,48,20,1,True,False,16
1658,True,27,12,4,True,False,16
1659,True,46,8,2,False,True,16
1660,True,33,14,1,False,False,16
1661,False,48,3,4,False,False,8
1662,True,57,9,4,True,False,16
1663,True,1,19,3,False,True,2
1664,True,36,22,5,False,True,16
1665,True,46,15,2,True,False,16
1666,False,45,22,6,False,True,1
1667,True,47,19,6,True,False,2
1668,True,21,14,1,False,False,4
1669,False,30,12,6,False,True,1
1670,True,45,14,5,False,True,4
1671,True,12,16,7,False,False,1
1672,True,46,11,3,False,False,4
1673,True,21,23,1,True,False,2
1674,False,55,3,3,False,False,8
1675,True,58,3,4,False,True,8
1676,True,15,23,4,False,False,16
1677,False,39,18,1,False,True,4
1678,True,45,23,4,False,True,4
1679,False,51,8,6,False,True,1
1680,False,46,3,4,False,False,8
1681,False,2,22,7,True,True,1
1682,True,44,21,7,True,False,2
1683,True,48,23,5,True,True,2
1684,True,55,23,1,True,True,2
1685,True,59,16,1,True,False,16
1686,True,40,9,1,False,False,16
1687,True,32,20,1,True,False,4
1688,True,34,15,3,False,True,4
1689,False,48,22,7,True,True,1
1690,True,11,11,7,False,True,1
1691,False,29,20,7,True,True,1
1692,True,11,18,3,True,True,2
1693,True,25,20,2,False,False,2
1694,True,17,21,4,True,True,2
1695,True,53,3,3,False,True,8
1696,False,55,20,6,True,True,1
1697,False,50,3,3,True,True,8
1698,False,56,3,3,False,True,8
1699,True,32,20,1,False,True,4
1700,True,26,23,1,False,False,4
1701,True,6,19,3,True,True,2
1702,False,45,16,2,False,True,4
1703,True,5,18,4,False,True,2
1704,False,57,15,2,False,False,4
1705,False,4,19,7,True,True,1
1706,False,45,2,3,True,False,8
1707,False,52,3,4,False,False,8
1708,True,14,22,4,False,True,16
1709,False,53,2,3,False,False,8
1710,False,54,3,3,False,False,8
1711,True,46,14,7,False,True,1
1712,True,36,18,5,True,False,16
1713,True,20,8,1,False,False,16
1714,True,19,8,6,False,True,1
1715,False,43,23,5,False,True,4
1716,False,25,23,7,True,True,1
1717,True,37,18,7,True,True,1
1718,False,34,16,2,True,False,4
1719,False,35,21,5,False,True,4
1720,False,13,23,7,True,True,1
1721,False,16,9,7,False,True,1
1722,True,21,13,3,False,False,16
1723,True,8,20,2,True,False,4
1724,True,18,19,4,False,True,2
1725,True,55,18,4,True,False,2
1726,True,45,3,3,False,True,8
1727,False,11,17,1,False,True,4
1728,True,11,12,5,True,False,16
1729,True,15,15,1,True,False,4
1730,False,49,2,3,False,True,8
1731,True,57,23,6,False,True,2
1732,True,40,21,7,True,True,2
1733,True,52,23,5,False,False,16
1734,False,52,3,4,False,True,8
1735,True,43,22,5,True,False,2
1736,True,52,12,6,True,True,1
1737,True,48,2,3,False,False,8
1738,True,16,15,6,True,False,1
1739,False,48,9,1,False,False,4
1740,False,51,2,4,False,False,8
1741,False,52,2,4,True,False,8
1742,True,47,15,3,True,False,4
1743,True,21,9,1,False,True,4
1744,False,30,16,3,False,True,4
1745,False,44,21,5,False,True,4
1746,True,48,21,3,True,False,4
1747,True,2,13,4,False,True,16
1748,False,48,2,4,True,True,8
1749,False,45,19,5,False,False,4
1750,False,55,3,4,True,True,8
1751,True,15,14,2,False,True,4
1752,True,11,13,2,False,True,16
1753,True,50,2,3,False,True,8
1754,True,46,18,7,False,True,2
1755,True,50,21,4,False,True,16
1756,False,2,23,6,False,True,1
1757,True,38,22,6,True,False,1
1758,True,41,8,3,True,False,4
1759,True,5,15,4,False,False,16
1760,False,55,3,4,False,False,8
1761,False,17,11,1,False,True,4
1762,True,56,3,4,False,False,8
1763,True,7,22,5,False,True,2
1764,False,52,3,4,False,False,8
1765,True,48,3,4,False,False,8
1766,False,51,20,1,False,False,4
1767,False,59,16,1,False,True,4
1768,True,29,13,5,True,True,4
1769,True,57,20,1,False,True,2
1770,False,50,3,4,False,False,8
1771,True,35,12,3,False,False,16
1772,True,26,15,2,True,False,16
1773,True,36,21,5,True,True,2
1774,True,43,23,3,False,False,16
1775,True,52,3,4,False,True,8
1776,True,46,14,5,False,True,4
1777,True,41,12,5,False,False,16
1778,True,35,19,4,True,True,2
1779,False,11,23,1,False,True,4
1780,True,12,12,4,False,False,4
1781,True,14,20,5,True,False,16
1782,True,46,2,4,False,True,8
1783,True,3,18,5,True,False,2
1784,True,15,9,6,True,True,1
1785,True,6,14,2,True,True,4
1786,True,45,13,1,False,True,4
1787,True,42,17,3,True,False,16
1788,True,14,9,7,False,True,1
1789,True,6,20,1,True,False,4
1790,True,48,2,3,True,True,8
1791,True,52,19,3,False,True,2
1792,True,12,18,2,True,False,16
1793,True,23,18,2,True,False,2
1794,False,41,17,7,True,True,1
1795,False,33,11,6,False,True,1
1796,False,47,2,3,False,True,8
1797,True,7,18,6,True,True,2
1798,True,29,23,7,True,True,2
1799,True,1,20,6,True,False,2
1800,True,29,19,6,True,True,2
1801,True,47,3,3,False,True,8
1802,True,3,8,2,False,True,16
1803,False,47,3,3,False,False,8
1804,False,23,15,4,False,False,4
1805,False,38,18,7,True,True,1
1806,True,12,13,5,False,True,4
1807,False,10,22,1,False,True,4
1808,True,10,17,5,False,False,16
1809,True,28,15,4,False,False,16
1810,True,38,15,1,True,False,16
1811,False,51,3,3,False,False,8
1812,True,11,9,6,False,True,1
1813,True,36,18,6,True,True,2
1814,True,51,21,1,True,False,2
1815,True,40,22,1,True,True,2
1816,True,50,13,1,True,False,16
1817,True,45,17,3,True,False,16
1818,False,34,19,6,True,False,1
1819,True,59,3,4,True,False,8
1820,True,33,11,6,False,True,1
1821,False,30,15,3,False,False,4
1822,False,39,16,6,False,True,1
1823,True,50,21,5,False,True,2
1824,True,57,2,3,False,False,8
1825,True,52,21,6,True,False,2
1826,True,50,19,3,True,False,2
1827,True,50,17,7,False,True,1
1828,False,4,14,7,False,True,1
1829,False,41,21,4,False,True,4
1830,True,10,23,7,False,True,2
1831,True,31,22,1,True,False,16
1832,True,37,20,5,False,True,4
1833,True,14,16,7,False,True,1
1834,False,24,20,1,False,False,4
1835,True,41,20,2,False,True,4
1836,False,29,20,5,False,False,4
1837,True,56,21,7,False,True,1
1838,True,41,16,2,True,True,4
1839,True,26,20,3,False,False,2
1840,True,51,18,2,True,False,16
1841,True,16,12,6,True,True,1
1842,True,30,23,3,False,False,2
1843,True,12,16,1,False,False,16
1844,False,59,3,4,False,False,8
1845,True,20,19,5,True,False,16
1846,True,19,19,2,True,False,2
1847,False,33,21,2,False,True,4
1848,True,32,12,1,False,False,4
1849,False,45,2,3,False,False,8
1850,False,22,23,7,True,True,1
1851,True,7,13,1,True,False,16
1852,True,11,20,4,False,False,16
1853,True,13,20,4,False,True,16
1854,True,33,9,6,False,False,1
1855,True,50,21,7,True,True,1
1856,True,48,3,4,False,False,8
1857,False,31,12,6,False,True,1
1858,False,45,3,3,False,False,8
1859,False,46,20,2,False,True,4
1860,True,56,3,3,False,False,8
1861,True,23,10,6,True,True,1
1862,True,43,13,7,False,True,1
1863,False,54,3,4,False,False,8
1864,True,41,19,7,False,True,1
1865,False,50,15,6,False,True,1
1866,False,22,20,7,True,True,1
1867,False,33,16,7,True,True,1
1868,False,56,2,4,False,False,8
1869,True,57,3,3,False,False,8
1870,False,41,9,6,True,True,1
1871,True,36,18,3,False,False,4
1872,True,19,17,6,True,True,1
1873,False,54,23,6,False,True,1
1874,False,40,13,4,True,True,4
1875,True,41,13,1,True,False,16
1876,True,4,9,6,True,True,1
1877,False,5,10,7,False,True,1
1878,True,55,2,4,True,False,8
1879,True,23,22,5,True,True,4
1880,True,46,23,7,False,True,1
1881,True,14,15,1,True,False,4
1882,True,4,22,1,False,True,16
1883,False,48,2,4,True,True,8
1884,False,58,3,3,False,False,8
1885,True,46,3,3,False,True,8
1886,True,52,2,3,False,True,8
1887,False,54,2,4,False,False,8
1888,True,20,21,5,False,False,4
1889,True,11,20,6,True,True,2
1890,True,28,11,1,False,True,4
1891,True,49,3,4,False,True,8
1892,False,36,10,7,True,True,1
1893,True,28,20,6,True,True,2
1894,True,57,10,1,False,False,4
1895,True,48,13,2,False,False,16
1896,True,42,19,3,False,False,16
1897,True,21,19,3,True,True,2
1898,False,54,14,6,False,True,1
1899,True,36,10,4,False,False,16
1900,False,45,20,5,False,False,4
1901,True,25,20,3,True,False,16
1902,True,46,2,3,False,True,8
1903,True,2,18,2,False,False,16
1904,False,46,3,4,True,False,8
1905,True,14,21,4,True,False,16
1906,True,55,21,4,False,True,2
1907,False,36,17,4,False,True,4
1908,False,57,2,3,False,False,8
1909,True,55,23,7,True,False,2
1910,True,55,8,3,False,False,16
1911,True,56,2,3,False,True,8
1912,True,30,17,3,False,True,4
1913,True,18,13,4,True,True,16
1914,True,57,18,5,True,False,16
1915,True,11,23,2,False,True,4
1916,True,45,14,1,False,False,16
1917,True,3,19,3,False,False,16
1918,True,24,20,7,False,False,2
1919,False,14,10,2,False,True,4
1920,False,59,3,4,False,True,8
1921,True,17,22,4,True,True,2
1922,False,50,2,4,False,True,8
1923,False,54,15,7,False,True,1
1924,False,54,3,4,False,False,8
1925,True,27,22,2,False,False,16
1926,True,24,18,1,False,False,16
1927,True,49,3,3,False,True,8
1928,True,58,2,3,False,False,8
1929,True,2,12,2,False,False,4
1930,True,36,12,3,False,False,16
1931,True,52,21,2,False,True,2
1932,False,47,18,7,True,True,1
1933,True,14,22,3,False,True,2
1934,True,52,2,4,False,True,8
1935,False,55,3,4,False,True,8
1936,True,12,22,7,True,True,2
1937,True,23,15,6,True,True,1
1938,True,16,19,4,True,False,16
1939,True,13,8,3,False,False,4
1940,True,16,9,7,True,True,1
1941,False,55,2,4,False,False,8
1942,True,56,9,6,True,True,1
1943,False,50,2,3,False,True,8
1944,True,45,20,6,True,True,2
1945,True,50,22,4,True,False,2
1946,True,47,18,3,False,True,2
1947,True,59,8,5,False,False,20
1948,False,6,19,7,True,True,1
1949,True,55,20,7,True,False,2
1950,True,4,22,1,True,False,16
1951,False,25,19,1,True,False,4
1952,True,37,20,7,True,True,2
1953,True,20,18,5,False,False,4
1954,True,33,21,4,False,True,4
1955,True,48,22,3,False,True,4
1956,True,10,18,6,True,False,2
1957,False,48,3,4,False,False,8
1958,True,55,22,5,True,True,2
1959,True,46,2,3,False,True,8
1960,True,47,19,2,False,True,2
1961,True,49,3,4,False,True,8
1962,False,40,11,6,False,True,1
1963,True,46,11,2,False,True,16
1964,True,52,2,3,False,True,8
1965,False,36,11,2,True,False,4
1966,True,47,3,3,False,True,8
1967,False,4,9,6,True,True,1
1968,True,11,22,3,False,True,4
1969,True,6,19,7,True,True,2
1970,True,57,2,3,False,False,8
1971,False,14,8,6,False,True,1
1972,False,52,2,4,False,True,8
1973,True,6,20,1,False,False,16
1974,True,4,8,1,False,False,20
1975,True,14,11,3,False,True,16
1976,False,58,15,7,True,True,1
1977,True,54,15,7,True,False,1
1978,True,23,18,1,False,True,16
1979,True,12,15,2,True,True,16
1980,True,32,23,7,True,True,1
1981,True,22,18,7,True,True,2
1982,True,9,19,4,True,False,2
1983,True,43,18,4,True,False,16
1984,True,27,14,6,True,True,1
1985,True,25,23,7,True,True,1
1986,False,44,19,7,True,True,1
1987,False,46,2,3,False,False,8
1988,True,36,23,3,True,True,2
1989,False,53,2,4,False,True,8
1990,True,8,18,7,False,True,2
1991,True,57,23,7,True,True,1
1992,False,56,3,4,False,True,8
1993,True,57,2,3,False,True,8
1994,True,9,22,7,False,True,2
1995,True,12,13,2,False,True,4
1996,False,21,15,2,False,False,4
1997,True,24,20,2,True,False,16
1998,True,31,20,4,False,False,16
1999,True,55,20,5,False,False,16
2000,False,8,9,4,False,False,4
2001,True,54,3,4,True,True,8
2002,True,3,23,2,True,True,2
2003,True,49,3,3,False,False,8
2004,True,49,2,3,True,True,8
2005,True,36,12,5,False,False,16
2006,True,54,2,4,False,False,8
2007,True,54,2,3,True,False,8
2008,False,49,2,4,False,False,8
2009,True,25,22,3,False,False,16
2010,True,33,11,7,False,True,1
2011,True,2,10,4,True,False,4
2012,False,8,20,7,False,True,1
2013,True,41,19,3,False,False,16
2014,False,17,10,5,False,False,4
2015,True,6,11,3,False,True,16
2016,True,48,3,4,False,True,8
2017,False,48,22,6,False,True,1
2018,True,51,2,4,True,True,8
2019,True,48,3,4,False,True,8
2020,True,53,3,3,False,True,8
2021,False,41,9,2,False,True,4
2022,True,14,8,5,True,False,4
2023,True,16,18,6,True,False,2
2024,False,41,21,3,False,True,4
2025,True,41,8,4,False,False,16
2026,True,57,12,4,False,True,16
2027,True,13,16,6,False,True,1
2028,True,46,15,2,False,False,16
2029,False,2,8,7,True,True,1
2030,True,49,22,1,True,True,2
2031,True,52,2,3,False,True,8
2032,False,21,12,2,True,True,4
2033,True,23,23,2,True,False,2
2034,True,52,16,7,False,True,1
2035,True,59,10,5,False,False,16
2036,False,52,19,5,False,False,4
2037,True,40,12,6,True,True,1
2038,True,18,11,3,False,False,4
2039,True,16,17,4,False,False,16
2040,True,27,13,3,False,True,4
2041,True,14,12,5,True,False,16
2042,False,48,3,3,False,False,8
2043,True,54,2,4,False,True,8
2044,True,28,9,6,False,True,1
2045,True,48,3,4,False,False,8
2046,True,55,3,4,False,True,8
2047,True,40,15,7,True,True,1
2048,True,52,17,2,False,True,4
2049,True,24,15,4,True,False,16
2050,True,50,23,7,True,False,1
2051,True,19,21,6,True,True,1
2052,True,19,22,5,True,True,2
2053,False,53,2,3,False,False,8
2054,True,40,18,7,True,True,1
2055,False,17,19,7,True,True,1
2056,False,47,12,4,False,True,4
2057,True,47,16,3,False,False,16
2058,False,41,9,6,True,True,1
2059,True,36,18,3,True,False,2
2060,True,22,19,6,True,True,2
2061,True,42,8,1,False,True,16
2062,True,38,22,1,True,True,2
2063,False,44,16,7,False,True,1
2064,False,43,11,6,False,True,1
2065,True,46,16,2,True,False,4
2066,False,48,23,4,False,False,4
2067,True,23,14,4,True,True,16
2068,True,55,14,3,True,False,16
2069,True,52,19,5,True,True,16
2070,True,7,21,2,True,True,2
2071,False,54,2,3,False,False,8
2072,True,36,15,4,False,False,16
2073,True,20,21,7,True,False,2
2074,False,47,3,4,False,True,8
2075,False,6,17,7,False,True,1
2076,True,46,2,4,False,False,8
2077,True,58,14,5,True,False,4
2078,True,59,21,3,True,False,2
2079,True,57,22,4,False,False,16
2080,False,59,3,3,False,False,8
2081,True,32,11,5,False,False,4
2082,True,42,23,5,True,False,16
2083,False,47,2,3,True,True,8
2084,True,55,2,4,True,False,8
2085,False,49,2,3,False,True,8
2086,True,29,12,2,False,False,16
2087,True,33,16,3,False,True,4
2088,True,37,21,4,False,True,2
2089,False,34,19,2,False,False,4
2090,True,13,22,5,False,False,2
2091,True,52,21,1,False,True,4
2092,True,48,2,4,False,True,8
2093,True,20,12,2,False,False,16
2094,True,47,23,6,True,True,1
2095,True,34,22,3,False,True,4
2096,True,59,21,6,True,False,2
2097,True,52,2,4,False,True,8
2098,False,57,15,7,True,True,1
2099,True,18,22,2,False,True,4
2100,True,31,19,4,True,True,2
2101,True,41,21,3,True,True,2
2102,True,47,2,4,False,False,8
2103,False,50,3,3,False,True,8
2104,False,50,2,3,False,False,8
2105,True,46,3,4,False,True,8
2106,False,11,18,3,True,False,4
2107,True,10,15,5,False,False,4
2108,True,37,21,3,True,False,16
2109,False,47,2,4,False,True,8
2110,False,44,15,6,False,True,1
2111,True,28,20,1,False,True,2
2112,True,25,21,1,True,False,16
2113,False,11,18,7,False,True,1
2114,False,54,3,4,False,True,8
2115,True,44,16,7,False,False,1
2116,True,58,20,7,False,True,1
2117,True,12,15,7,False,True,1
2118,True,49,19,3,False,True,4
2119,True,55,12,2,False,False,4
2120,True,41,19,2,False,False,2
2121,False,54,2,4,False,False,8
2122,False,25,18,6,False,True,1
2123,False,56,2,4,False,False,8
2124,False,28,15,7,False,True,1
2125,True,13,9,6,False,True,1
2126,True,23,13,5,False,False,16
2127,False,1,19,1,False,False,4
2128,False,30,19,5,False,False,4
2129,True,9,14,2,True,False,16
2130,True,51,19,4,True,True,2
2131,True,44,17,3,False,True,4
2132,False,17,8,3,False,False,4
2133,True,5,22,7,False,True,1
2134,True,2,9,7,False,True,1
2135,True,31,18,7,True,True,2
2136,True,47,2,3,False,False,8
2137,True,48,12,1,True,True,16
2138,False,54,2,4,False,False,8
2139,True,28,8,5,False,False,16
2140,False,49,2,4,False,True,8
2141,False,7,22,6,True,False,1
2142,True,30,11,7,False,True,1
2143,False,33,19,7,False,True,1
2144,True,53,2,3,True,True,8
2145,True,40,8,6,True,True,1
2146,True,53,20,3,True,True,2
2147,True,57,19,1,True,False,2
2148,True,4,19,3,False,False,16
2149,False,22,15,6,True,True,1
2150,True,9,20,5,True,True,2
2151,True,16,12,2,False,False,4
2152,False,15,14,1,False,False,4
2153,False,57,3,3,False,False,8
2154,True,52,3,3,False,True,8
2155,True,50,19,5,False,False,16
2156,True,33,20,2,True,True,2
2157,True,56,3,4,False,False,8
2158,True,57,3,4,False,False,8
2159,True,58,16,4,True,False,4
2160,True,14,23,3,True,True,2
2161,True,45,11,7,True,True,1
2162,False,7,13,3,False,False,4
2163,True,30,20,5,False,True,2
2164,True,35,20,6,True,True,1
2165,True,3,20,3,True,True,2
2166,True,47,20,1,True,True,2
2167,True,55,3,4,True,False,8
2168,True,24,16,5,True,False,4
2169,True,7,21,6,False,True,1
2170,True,46,22,1,True,True,2
2171,False,20,18,6,False,True,1
2172,True,5,23,6,False,True,2
2173,True,44,19,1,False,True,2
2174,True,6,23,2,True,False,16
2175,True,59,2,4,True,False,8
2176,True,59,8,3,False,False,16
2177,True,23,13,3,False,False,16
2178,True,1,20,4,True,True,2
2179,False,49,3,3,False,True,8
2180,False,41,14,7,False,True,1
2181,True,56,8,1,False,False,16
2182,True,56,18,5,True,True,2
2183,False,52,3,3,False,True,8
2184,True,51,13,4,False,True,4
2185,True,16,22,7,True,True,2
2186,True,9,21,5,True,False,2
2187,True,33,22,7,False,True,1
2188,True,10,23,4,True,False,2
2189,True,51,14,7,False,True,1
2190,True,10,12,2,False,False,16
2191,True,9,23,5,True,False,16
2192,True,15,21,2,True,True,2
2193,True,45,22,5,False,True,2
2194,False,55,22,2,False,True,4
2195,True,30,21,1,True,True,2
2196,True,50,2,4,False,False,8
2197,True,24,23,1,True,False,16
2198,True,27,19,4,True,True,2
2199,True,47,23,2,False,True,2
2200,True,47,20,1,True,True,2
2201,True,42,20,6,True,False,2
2202,False,29,9,1,False,False,4
2203,True,46,3,3,True,False,8
2204,True,49,3,3,False,False,8
2205,False,45,23,6,False,True,1
2206,True,33,22,6,True,True,2
2207,True,5,9,3,False,False,4
2208,True,40,21,7,False,True,2
2209,False,37,13,1,False,True,4
2210,True,6,16,3,False,False,4
2211,False,50,3,4,False,False,8
2212,True,18,23,2,False,False,4
2213,True,58,20,6,True,True,1
2214,True,48,2,3,True,False,8
2215,False,49,3,4,False,True,8
2216,True,27,13,4,True,False,16
2217,True,46,20,1,False,False,16
2218,True,48,10,2,True,False,16
2219,True,48,23,1,True,True,2
2220,True,29,19,3,False,True,2
2221,False,59,3,3,False,False,8
2222,True,35,9,4,True,False,16
2223,True,38,10,1,False,True,16
2224,True,17,23,7,True,True,2
2225,True,22,12,1,False,False,16
2226,True,38,23,5,False,True,2
2227,True,57,19,5,False,True,2
2228,True,43,23,7,False,True,2
2229,True,55,3,4,False,True,8
2230,True,15,17,5,False,False,16
2231,True,8,19,4,True,True,2
2232,True,31,10,1,False,True,16
2233,True,12,22,2,True,True,2
2234,False,14,23,5,False,False,4
2235,True,15,8,5,False,True,16
2236,False,39,12,3,False,True,4
2237,False,57,3,3,False,True,8
2238,True,57,23,5,True,False,2
2239,True,29,17,3,False,False,20
2240,True,31,22,6,False,True,1
2241,True,58,23,2,False,False,16
2242,False,25,10,3,False,True,4
2243,True,59,23,5,True,True,2
2244,True,2,19,4,True,False,2
2245,True,59,18,3,False,True,2
2246,True,37,11,5,False,True,4
2247,False,52,2,4,False,True,8
2248,True,43,20,7,True,True,1
2249,True,32,13,4,False,True,4
2250,True,8,22,2,False,False,4
2251,False,24,18,2,False,True,4
2252,False,19,20,7,False,True,1
2253,False,57,20,1,False,False,4
2254,False,47,2,4,False,False,8
2255,True,2,21,2,True,True,2
2256,True,53,3,4,True,True,8
2257,False,56,12,6,True,True,1
2258,True,4,9,6,False,True,1
2259,True,49,11,3,False,False,16
2260,False,25,13,6,False,True,1
2261,True,26,16,1,True,False,16
2262,True,2,14,6,False,True,1
2263,True,14,14,1,True,False,16
2264,True,43,15,4,True,False,4
2265,True,50,2,3,False,False,8
2266,True,39,21,2,True,True,2
2267,True,16,18,1,True,False,16
2268,True,1,20,5,True,False,2
2269,False,56,2,3,False,True,8
2270,False,52,8,7,False,True,1
2271,False,42,20,3,False,True,4
2272,True,57,3,3,False,False,8
2273,True,14,17,4,True,True,4
2274,True,9,16,6,True,True,1
2275,False,27,16,3,False,True,4
2276,False,39,8,1,True,True,4
2277,True,44,18,6,True,True,2
2278,True,29,23,1,True,True,2
2279,True,11,21,2,True,True,16
2280,True,18,18,7,True,True,1
2281,True,31,21,1,True,False,2
2282,True,35,18,5,False,False,16
2283,True,7,10,5,True,True,16
2284,False,59,8,4,True,True,4
2285,True,52,2,3,True,False,8
2286,True,38,21,1,True,True,2
2287,True,31,21,2,True,False,2
2288,False,47,3,3,False,True,8
2289,True,33,18,1,True,False,16
2290,True,44,16,4,True,False,16
2291,True,38,10,2,True,False,16
2292,False,32,22,4,False,True,4
2293,False,52,11,6,True,True,1
2294,False,15,13,7,True,True,1
2295,True,10,13,2,False,True,4
2296,True,11,22,7,False,True,2
2297,False,53,3,4,False,False,8
2298,True,52,3,3,True,False,8
2299,True,15,20,6,True,True,2
2300,True,44,22,5,True,True,2
2301,True,29,16,2,False,False,16
2302,True,30,18,1,False,False,2
2303,False,45,22,7,True,True,1
2304,False,48,3,3,False,True,8
2305,True,40,20,2,True,False,16
2306,False,46,20,4,False,False,4
2307,False,20,15,6,False,True,1
2308,True,48,3,3,True,False,8
2309,True,53,15,5,False,False,16
2310,True,55,3,3,False,False,8
2311,True,59,8,3,True,False,16
2312,False,26,14,4,False,False,4
2313,True,7,20,5,False,True,2
2314,True,7,18,2,True,True,2
2315,False,19,8,1,False,False,4
2316,True,59,3,4,False,True,8
2317,True,50,2,3,True,False,8
2318,True,14,21,4,False,False,4
2319,True,17,23,2,False,False,16
2320,True,4,18,2,False,True,2
2321,True,42,20,5,False,False,2
2322,True,46,23,1,True,False,16
2323,True,58,12,5,True,True,4
2324,True,30,22,3,False,False,16
2325,True,36,21,5,True,True,2
2326,False,47,3,3,True,False,8
2327,True,22,18,2,False,False,16
2328,False,49,22,3,False,False,4
2329,True,38,23,6,True,True,2
2330,False,6,17,7,False,True,1
2331,True,38,20,3,True,False,2
2332,True,51,3,3,False,True,8
2333,True,59,20,7,True,True,2
2334,False,31,20,1,False,True,4
2335,False,52,3,4,False,False,8
2336,True,40,18,4,True,True,2
2337,True,15,18,2,True,True,2
2338,True,2,18,5,True,True,2
2339,False,6,9,5,True,True,4
2340,True,45,15,3,False,False,16
2341,True,21,15,7,False,True,1
2342,False,26,16,6,True,True,1
2343,False,43,23,7,True,True,1
2344,True,58,16,4,True,True,4
2345,True,59,2,4,False,False,8
2346,True,33,15,6,False,True,1
2347,False,47,23,4,False,False,4
2348,True,29,20,4,False,True,4
2349,True,5,19,5,True,False,16
2350,True,49,21,5,False,True,6
2351,True,45,20,7,True,True,2
2352,True,24,14,6,True,True,1
2353,True,32,23,2,False,False,16
2354,False,51,11,7,False,False,1
2355,True,5,9,1,False,True,16
2356,True,13,23,1,False,True,4
2357,True,48,3,3,False,True,8
2358,False,27,14,7,False,True,1
2359,False,33,16,3,False,False,4
2360,True,49,2,4,False,False,8
2361,True,14,23,1,False,True,2
2362,True,37,20,3,False,True,2
2363,True,13,19,4,False,True,2
2364,False,3,23,6,False,True,1
2365,True,11,22,2,True,True,2
2366,True,58,20,4,True,True,2
2367,False,51,3,4,False,False,8
2368,True,12,21,4,True,False,16
2369,True,58,13,4,True,False,16
2370,True,29,12,4,False,False,4
2371,True,6,19,6,True,True,2
2372,True,58,23,2,True,False,4
2373,True,18,19,6,True,False,2
2374,True,5,13,3,True,False,16
2375,True,56,3,4,False,True,8
2376,False,19,15,2,False,True,4
2377,True,8,22,6,False,True,1
2378,True,59,3,4,False,False,8
2379,False,51,13,6,False,True,1
2380,True,18,19,2,False,True,16
2381,True,46,3,4,False,True,8
2382,True,50,18,4,True,False,16
2383,True,33,13,2,False,False,16
2384,True,6,20,4,True,False,16
2385,True,35,13,5,False,False,16
2386,False,56,21,7,True,False,1
2387,True,45,18,4,True,False,2
2388,True,16,20,2,False,False,2
2389,False,19,22,4,True,True,4
2390,True,21,9,6,False,True,1
2391,False,19,20,6,True,True,1
2392,True,59,3,3,False,False,8
2393,True,40,9,3,False,False,16
2394,True,46,3,4,False,True,8
2395,True,34,22,3,False,False,16
2396,True,58,22,2,False,False,16
2397,True,31,16,7,True,True,1
2398,True,37,19,7,True,True,2
2399,False,48,13,7,True,True,1
2400,True,33,8,6,True,True,1
2401,True,29,12,6,False,True,1
2402,True,14,15,3,True,False,16
2403,True,16,19,5,True,True,2
2404,True,33,10,5,False,False,16
2405,True,34,18,6,True,False,2
2406,True,54,3,4,False,False,8
2407,True,48,16,1,False,False,16
2408,True,59,20,7,False,True,2
2409,True,37,18,7,False,True,2
2410,False,53,3,4,False,True,8
2411,True,47,15,5,False,True,4
2412,True,37,8,6,True,False,1
2413,True,2,22,5,False,False,2
2414,True,56,8,3,True,False,16
2415,True,12,20,7,True,True,3
2416,False,9,19,3,False,True,4
2417,False,35,9,2,False,False,4
2418,True,49,3,4,False,False,8
2419,True,35,20,7,True,True,2
2420,True,57,23,1,True,False,2
2421,True,43,22,2,False,False,16
2422,True,53,19,4,True,True,4
2423,True,42,10,7,False,True,1
2424,True,6,20,7,True,True,1
2425,False,3,20,2,False,True,4
2426,True,29,20,7,True,False,2
2427,True,27,21,2,True,True,2
2428,True,45,3,4,False,False,8
2429,True,17,21,1,False,False,16
2430,False,53,2,3,True,True,8
2431,False,5,9,5,False,False,4
2432,True,55,2,3,False,False,8
2433,True,57,9,2,True,True,16
2434,True,55,3,3,False,False,8
2435,False,26,13,7,True,True,1
2436,False,36,21,3,False,True,4
2437,False,58,2,3,True,False,8
2438,True,58,3,3,False,False,8
2439,True,32,8,5,True,True,16
2440,True,20,13,1,False,True,16
2441,False,30,8,6,True,True,1
2442,True,7,8,2,True,False,16
2443,True,13,19,6,True,False,2
2444,True,24,23,5,False,False,16
2445,False,31,20,1,True,True,4
2446,True,23,22,1,False,False,16
2447,True,37,18,2,True,True,16
2448,True,1,21,6,True,True,1
2449,True,55,20,1,False,False,2
2450,True,19,21,5,True,True,2
2451,True,28,17,5,True,False,16
2452,True,16,22,3,True,True,16
2453,True,44,18,5,False,False,16
2454,False,50,2,3,True,True,8
2455,True,39,23,7,True,True,3
2456,True,5,19,5,True,True,2
2457,False,48,3,3,False,False,8
2458,True,1,20,2,True,True,2
2459,True,8,11,4,False,False,4
2460,False,22,12,5,False,False,4
2461,True,23,23,1,True,True,2
2462,False,46,23,7,True,True,1
2463,True,23,19,2,True,True,2
2464,True,54,17,1,True,False,16
2465,False,32,22,7,True,True,1
2466,True,47,9,7,False,True,1
2467,True,46,2,4,True,False,8
2468,False,16,17,3,True,False,4
2469,True,36,8,3,True,True,16
2470,True,15,18,3,False,True,4
2471,False,59,3,4,False,True,8
2472,False,55,2,4,False,True,8
2473,False,12,13,2,False,True,4
2474,True,56,20,7,True,True,2
2475,True,34,20,4,True,True,2
2476,False,48,3,3,False,True,8
2477,True,18,22,5,False,False,16
2478,True,33,11,1,False,False,16
2479,True,54,16,4,False,True,16
2480,True,53,2,3,False,False,8
2481,False,53,3,4,False,False,8
2482,False,42,20,7,False,True,1
2483,False,45,3,4,False,True,8
